ID,Station,Station Level
5d8b8ddd322e8650762f6e3a,Lavatory,2
5d8f5e1af3a8f83c8600afb2,Lavatory,2
5d8f5ee9de0799001d229ed2,Lavatory,2
5d93b91286f77467310ca15d,Lavatory,1
5d93ba4486f77454bd61d2a9,Lavatory,3
5dceeaf100b3815535149f5a,Lavatory,2
5dcfe2582f9b3d566c7af977,Lavatory,1
5df8fe0deddb880fd56f2d7d,Lavatory,2
5df8ffcbaab5f257bd7ff3a8,Lavatory,2
5e1330dca0f0f8773c069c99,Lavatory,1
5eda0247658fac5b8c3862a8,Lavatory,2
5eda04a30699b81bb9142aa2,Lavatory,1
5eda05863a68ec264e5233cd,Lavatory,1
5eda072cf6626f08ef0efed4,Lavatory,2
5eda07acb6c564225571536c,Lavatory,2
5ede07163c345121732a10e9,Lavatory,1
5eeca9bad874f914d2536585,Lavatory,2
5eecaa6327ccd70521107ff5,Lavatory,1
5ffcaa60f3fdc212a91d552b,Lavatory,1
5ffcaaa41285295b7441edfb,Lavatory,1
629e1a9a83234105365a7944,Lavatory,3
5ffcab66fd851f4b000d61ef,Lavatory,2
62a11415c30cfa1d366aeb83,Lavatory,1
5ffcafd468c55773943fc71e,Lavatory,2
6002e68bca41c53bee18813b,Lavatory,2
600aa0d1090cb6338027028c,Lavatory,1
600aa140090cb63380270290,Lavatory,1
600aa209f64dfd63ec1293d6,Lavatory,2
600ab813d19f85018a7489c4,Lavatory,2
600ab857e4022c380a72607f,Lavatory,3
6012ea1a01328b2dec3c1a9d,Lavatory,2
603ce6c11eb1d20d784cc0cb,Lavatory,2
603ce7c5fd70f047f93bee2a,Lavatory,1
603ceb4af04f90773c790105,Lavatory,3
62a1146bc1cce91d2c46a06f,Lavatory,2
62a114ff5c6bbf22c15ac19b,Lavatory,3
62a115582c5e0c325b62d5eb,Lavatory,2
62a115b25c6bbf22c15ac19c,Lavatory,3
5ffcaae1e95377708e0340af,Lavatory,1
5d5589c1f934db045e6c5492,Water Collector,3
5d5c1f5ed582a543983ee82e,Medstation,1
5d5c21aed582a50066024610,Medstation,2
5d78d8a03fe9fc21602e16be,Medstation,3
5d8a1a7d7a3dfe597c2e459e,Medstation,1
5d8f614c9ea122564c316462,Medstation,3
5e13301cc7049d4d9738e1a7,Medstation,2
5e6cfc53a3e6886b9e6c39a8,Medstation,2
5ed9fd73f6626f08ef0efec6,Medstation,2
5ede0053879619077751cff1,Medstation,3
5ede0135f7db6021ee400dfe,Medstation,3
5ede01e062155304b6512067,Medstation,2
5ede0502879619077751d00a,Medstation,3
5eeca8e327ccd70521107fdc,Medstation,2
600ab99ce4022c380a726090,Medstation,1
6012ee7e44a0465ee67a58de,Medstation,2
615c3d27966c85458e4c49cf,Medstation,3
619eb0eb56579138ec08fed8,Medstation,1
6002eec9cc73cd34ac64188a,Medstation,2
600abc08e4022c380a7260a8,Medstation,3
5d8a13564ac882218d2085b0,Nutrition Unit,2
5d8a13fc2d9612419804003c,Nutrition Unit,1
5d8a1568df9fc649e81b8b1b,Nutrition Unit,2
5dc1f4d9e078d303d91b44c7,Nutrition Unit,3
5dc1f634ee5f2440a9272dc7,Nutrition Unit,3
5dc1f7de6058e020335c9d88,Nutrition Unit,2
5de10c50c607752a1f1262c7,Nutrition Unit,2
5ede1e0b7690fa313b632e88,Nutrition Unit,1
5f240f45f4a9420a8c328ee0,Nutrition Unit,1
5f241246232409155b66b809,Nutrition Unit,3
5ffcadeff3fdc212a91d5539,Nutrition Unit,1
600ab8e3e4022c380a726088,Nutrition Unit,3
61c77c830f3639492721e99c,Nutrition Unit,2
61c77cc6fcc1673f08540e9b,Nutrition Unit,1
629e1b3a0694b45420210cad,Nutrition Unit,2
62a11658650cc35fa94e009a,Nutrition Unit,3
5d558968f934db006d2d5b32,Workbench,1
5d5c1f25d582a5479d4ec458,Workbench,2
5d78d75b57c9b8484a2bcb95,Workbench,3
5d78d81757c9b8484a2bcb99,Workbench,3
5d78d9660f10824ef63acedb,Workbench,2
5d78dbfb65aebb016d20b6f3,Workbench,2
5d78f27d115f693ad750d2c6,Workbench,3
5d8a1da22fe9381f1a5581cd,Workbench,2
5d8f7cc588a8334b29697b60,Workbench,3
5d9751f986f774708522ed3e,Workbench,1
5dceb54c0a835640510472a7,Workbench,3
5dceb6964a98801ba2075d27,Workbench,3
5dd11303b78bb413d5133f79,Workbench,1
5dd1126571e3fd3f634b1c8b,Workbench,1
5dd3c8ff2293e74c897ce6a8,Workbench,3
5dd3c5a67da3785e63275437,Workbench,2
5dd3c5487058311d4b267186,Workbench,1
5dd79f5693eca67531726ce9,Workbench,3
5dd3c9c8449c0c31795b0f0b,Workbench,1
5dde60e0e2c8f57eb6465327,Workbench,3
5de021b30f6d581e965bcde7,Workbench,1
5de919ec1b25d85cf30ca39a,Workbench,2
5de950a845b5d67bad6e9ef7,Workbench,1
5de951483c52683d810b4a10,Workbench,1
5de95c91225b0a76ca0ea0b7,Workbench,2
5de95f1c9517b140195ab717,Workbench,2
5dea63e21ecdbf7668030f24,Workbench,2
5df138986c38ba26da0b3a77,Workbench,1
5e37f15386f774299f112a2e,Workbench,2
5e66408286f7747b2c2d7786,Workbench,1
5eda03eff6626f08ef0efecc,Workbench,2
5ee49f2c6abbcb7ba704abc2,Workbench,2
5eeca7724a8a9b668f0d89cd,Workbench,2
5f245f875b664e084523a4ce,Workbench,2
5f7f4bb2c642570650138fee,Workbench,3
5ffcac4e1285295b7441ee01,Workbench,1
5ffcacbf24fa2e741e767234,Workbench,2
5ffcad24f3fdc212a91d5536,Workbench,2
6002e26ac6b84d04cc62045e,Workbench,1
600a98d076fc4b1877509ead,Workbench,1
600a9955ba91d953182d69f0,Workbench,1
600a9a34189b226f40059743,Workbench,2
600a9b10adfcb94fee6d3e06,Workbench,1
600a9bd0189b226f40059751,Workbench,3
600a9fb7ba91d953182d6a1c,Workbench,3
600aa066c3a84b378545beba,Workbench,3
63a2327c151bfb591645c104,Workbench,3
603cf23a420e7f487e175d7f,Workbench,2
603cf3094bb658618458e010,Workbench,1
615c3d800d3afc358a55405e,Workbench,1
619e45ea98398d3b104e8419,Workbench,2
61c226d91b8c294cd411c881,Workbench,1
61c77d465a98404dee40a77c,Workbench,2
61dc03711bdcfa2f253c9b7c,Workbench,2
629e19eddb6e1a02066676f1,Workbench,3
63a232f8ab6bb51044344bff,Workbench,3
62a1123ac30cfa1d366aeb82,Workbench,1
62a11354b552772a0c4ba09e,Workbench,2
62a113d2b7430f0173651677,Workbench,3
63a2abbb31772a61500d5336,Workbench,1
62a115db5c6bbf22c15ac19d,Workbench,1
5ffcad9568c55773943fc719,Workbench,2
6002ed409f2c60461a2d0f5a,Workbench,2
60048c82a7903e00382d9593,Workbench,3
63a3359eaf870e651d58e61a,Workbench,1
63a571802116d261d2336cd1,Workbench,1
63baedefe6ebc10fe0201083,Workbench,3
63bd4c3964d7e356983c4cf5,Workbench,2
63bd4caad967351345326035,Workbench,2
63bd4d91f52f442ec3007f37,Workbench,2
63bd4dec45440a3b4f55eb27,Workbench,3
5df914a53ce0f648b833bb37,Intelligence Center,2
5e58e0c286f7740ba7486ca3,Intelligence Center,3
5ed9ff023a68ec264e5233c2,Intelligence Center,2
5eda007f658fac5b8c3862a6,Intelligence Center,2
5eda0ad40699b81bb9142aae,Intelligence Center,2
5ee4a093a297eb185236194f,Intelligence Center,2
5eeca812c4c989140245ae0c,Intelligence Center,3
6002e55595c402039a2747f4,Intelligence Center,3
6002e8fb41d38607bc4198ab,Intelligence Center,2
62a112fec1cce91d2c46a06e,Intelligence Center,2
62a116282c5e0c325b62d5ec,Intelligence Center,3
5d5c1fd4d582a500650132f0,Booze Generator,1
5d5c205bd582a50d042a3c0e,Bitcoin Farm,1
